Product_name,Review
"boAt Rockerz 255 Pro+, 60HRS Battery, Fast Charge, IPX7, Dual Pairing, Low Latency, Magnetic Earbuds, Bluetooth Neckband, Wireless with Mic Earphones (Active Black)",I am an earphone addict. I think I am eligible to write this review. I received it on 21 October and...
"boAt Rockerz 255 Pro+, 60HRS Battery, Fast Charge, IPX7, Dual Pairing, Low Latency, Magnetic Earbuds, Bluetooth Neckband, Wireless with Mic Earphones (Active Black)",I am an earphone addict. I think I am eligible to write this review. I received it on 21 October and...
"boAt Rockerz 255 Pro+, 60HRS Battery, Fast Charge, IPX7, Dual Pairing, Low Latency, Magnetic Earbuds, Bluetooth Neckband, Wireless with Mic Earphones (Active Black)",I am an earphone addict. I think I am eligible to write this review. I received it on 21 October and...
"boAt Rockerz 255 Pro+, 60HRS Battery, Fast Charge, IPX7, Dual Pairing, Low Latency, Magnetic Earbuds, Bluetooth Neckband, Wireless with Mic Earphones (Active Black)",I am an earphone addict. I think I am eligible to write this review. I received it on 21 October and...
"boAt Rockerz 255 Pro+, 60HRS Battery, Fast Charge, IPX7, Dual Pairing, Low Latency, Magnetic Earbuds, Bluetooth Neckband, Wireless with Mic Earphones (Active Black)",I am an earphone addict. I think I am eligible to write this review. I received it on 21 October and...
"boAt Rockerz 255 Pro+, 60HRS Battery, Fast Charge, IPX7, Dual Pairing, Low Latency, Magnetic Earbuds, Bluetooth Neckband, Wireless with Mic Earphones (Active Black)",I am an earphone addict. I think I am eligible to write this review. I received it on 21 October and...
"boAt Rockerz 255 Pro+, 60HRS Battery, Fast Charge, IPX7, Dual Pairing, Low Latency, Magnetic Earbuds, Bluetooth Neckband, Wireless with Mic Earphones (Active Black)",I am an earphone addict. I think I am eligible to write this review. I received it on 21 October and...
"Oneplus Bullets Z2 Bluetooth Wireless in Ear Earphones with Mic, Bombastic Bass - 12.4 mm Drivers, 10 Mins Charge - 20 Hrs Music, 30 Hrs Battery Life, IP55 Dust and Water Resistant (Magico Black)","If you're on the lookout for a solid pair of wireless earphones, the OnePlus Bullets Z2 might just c..."
"Oneplus Bullets Z2 Bluetooth Wireless in Ear Earphones with Mic, Bombastic Bass - 12.4 mm Drivers, 10 Mins Charge - 20 Hrs Music, 30 Hrs Battery Life, IP55 Dust and Water Resistant (Magico Black)","If you're on the lookout for a solid pair of wireless earphones, the OnePlus Bullets Z2 might just c..."
"Oneplus Bullets Z2 Bluetooth Wireless in Ear Earphones with Mic, Bombastic Bass - 12.4 mm Drivers, 10 Mins Charge - 20 Hrs Music, 30 Hrs Battery Life, IP55 Dust and Water Resistant (Magico Black)","If you're on the lookout for a solid pair of wireless earphones, the OnePlus Bullets Z2 might just c..."
"Oneplus Bullets Z2 Bluetooth Wireless in Ear Earphones with Mic, Bombastic Bass - 12.4 mm Drivers, 10 Mins Charge - 20 Hrs Music, 30 Hrs Battery Life, IP55 Dust and Water Resistant (Magico Black)","If you're on the lookout for a solid pair of wireless earphones, the OnePlus Bullets Z2 might just c..."
"Oneplus Bullets Z2 Bluetooth Wireless in Ear Earphones with Mic, Bombastic Bass - 12.4 mm Drivers, 10 Mins Charge - 20 Hrs Music, 30 Hrs Battery Life, IP55 Dust and Water Resistant (Magico Black)","If you're on the lookout for a solid pair of wireless earphones, the OnePlus Bullets Z2 might just c..."
"Oneplus Bullets Z2 Bluetooth Wireless in Ear Earphones with Mic, Bombastic Bass - 12.4 mm Drivers, 10 Mins Charge - 20 Hrs Music, 30 Hrs Battery Life, IP55 Dust and Water Resistant (Magico Black)","If you're on the lookout for a solid pair of wireless earphones, the OnePlus Bullets Z2 might just c..."
"Oneplus Bullets Z2 Bluetooth Wireless in Ear Earphones with Mic, Bombastic Bass - 12.4 mm Drivers, 10 Mins Charge - 20 Hrs Music, 30 Hrs Battery Life, IP55 Dust and Water Resistant (Magico Black)","If you're on the lookout for a solid pair of wireless earphones, the OnePlus Bullets Z2 might just c..."
"realme Buds Wireless 3 Neo in Ear Bluetooth Neckband with 13.4 Mm Dynamic Bass Boost Driver,Upto 32 Hours Playback,Fast Charge, Ai Enc,45Ms Low Latency,Ip55 Dust&Water Resistannt&Bluetooth V 5.4,Blue",Ok so this is the review after a day of usage as i will devide this review in parts so I can explain...
"realme Buds Wireless 3 Neo in Ear Bluetooth Neckband with 13.4 Mm Dynamic Bass Boost Driver,Upto 32 Hours Playback,Fast Charge, Ai Enc,45Ms Low Latency,Ip55 Dust&Water Resistannt&Bluetooth V 5.4,Blue",Ok so this is the review after a day of usage as i will devide this review in parts so I can explain...
"realme Buds Wireless 3 Neo in Ear Bluetooth Neckband with 13.4 Mm Dynamic Bass Boost Driver,Upto 32 Hours Playback,Fast Charge, Ai Enc,45Ms Low Latency,Ip55 Dust&Water Resistannt&Bluetooth V 5.4,Blue",Ok so this is the review after a day of usage as i will devide this review in parts so I can explain...
"realme Buds Wireless 3 Neo in Ear Bluetooth Neckband with 13.4 Mm Dynamic Bass Boost Driver,Upto 32 Hours Playback,Fast Charge, Ai Enc,45Ms Low Latency,Ip55 Dust&Water Resistannt&Bluetooth V 5.4,Blue",Ok so this is the review after a day of usage as i will devide this review in parts so I can explain...
"realme Buds Wireless 3 Neo in Ear Bluetooth Neckband with 13.4 Mm Dynamic Bass Boost Driver,Upto 32 Hours Playback,Fast Charge, Ai Enc,45Ms Low Latency,Ip55 Dust&Water Resistannt&Bluetooth V 5.4,Blue",Ok so this is the review after a day of usage as i will devide this review in parts so I can explain...
,
,
,
,
,
"JBL Tune 215BT, 16 Hrs Playtime with Quick Charge, in Ear Bluetooth Wireless Earphones with Mic, 12.5mm Premium Earbuds with Pure Bass, BT 5.0, Dual Pairing, Type C & Voice Assistant Support (Black)","Highly Recommended! Over the past 2 years, I have bought 6 pairs of these JBL Tune 215BT earphones, ..."
,
,
"JBL Tune 215BT, 16 Hrs Playtime with Quick Charge, in Ear Bluetooth Wireless Earphones with Mic, 12.5mm Premium Earbuds with Pure Bass, BT 5.0, Dual Pairing, Type C & Voice Assistant Support (Black)","Highly Recommended! Over the past 2 years, I have bought 6 pairs of these JBL Tune 215BT earphones, ..."
